{
    "type": "FeatureCollection",
    "features": [
        {
            "type": "Feature",
            "properties": {
                "epoch": "1426952605000"
            },
            "geometry": {
                "type": "Point",
                "coordinates": [
                    7.582512743,
                    51.933292258,
                    1
                ]
            }
        },
        {
            "type": "Feature",
            "properties": {
                "epoch": "1426952605000"
            },
            "geometry": {
                "type": "Point",
                "coordinates": [
                    7.602516645,
                    51.94962073,
                    1
                ]
            }
        },
        {
            "type": "Feature",
            "properties": {
                "epoch": "1426952609000"
            },
            "geometry": {
                "type": "Point",
                "coordinates": [
                    7.61132039,
                    51.967614681,
                    1
                ]
            }
        },
        {
            "type": "Feature",
            "properties": {
                "epoch": "1426952608000"
            },
            "geometry": {
                "type": "Point",
                "coordinates": [
                    7.595284208,
                    51.976391375,
                    1
                ]
            }
        }
    ]
}
